{"data":{"Year":[2015,2017],"Value":[103794273.900000006,109465948.700000003]},"edges":[]}