{"data":{"Year":[2011,2012,2013,2014,2015,2016,2017,2018,2019,2020],"Value":[7956736.0,10418880.0,5102809.0,408926.0,5094083.0,6574017.0,8400241.3956560008,7426903.8428779999,5200425.3494199999,520447.0]},"edges":[]}