Year,Value
2000,-7.024792999999999
2001,-6.222222
2002,-2.369668
2003,7.281553
2004,10.859729
2005,20.408163000000002
2006,25.423729
2007,19.459459
2008,24.208145000000002
2009,6.739526
2010,5.290102
2011,9.562399000000001
2012,8.431953
2013,-0.272851
2014,2.872777
2015,1.329787
2016,-0.6561680000000001
2017,3.566711
2018,1.5
2019,2.763819
