Year,Value,Series
2015,306461030.270833,CL_SERIES.SD_XPD_ESED
2017,289046729.199519,CL_SERIES.SD_XPD_ESED
2015,283367184.086111,CL_SERIES.SG_XPD_HLTH
2017,237201290.832933,CL_SERIES.SG_XPD_HLTH
2015,103794273.852778,CL_SERIES.SG_XPD_PROT
2017,109465948.668269,CL_SERIES.SG_XPD_PROT
