{"data":{"Year":[2008,2009,2013,2016,2019],"Value":[10.89817,12.59357,15.5482,13.86086,58.7632]},"edges":[]}