Year,Series,Value
2015,CL_SERIES.SD_XPD_ESED,306461030.270833
2017,CL_SERIES.SD_XPD_ESED,289046729.199519
2015,CL_SERIES.SG_XPD_HLTH,283367184.086111
2017,CL_SERIES.SG_XPD_HLTH,237201290.832933
2015,CL_SERIES.SG_XPD_PROT,103794273.852778
2017,CL_SERIES.SG_XPD_PROT,109465948.668269
