Year,Value
2015,103794273.852778
2017,109465948.668269
