Year,Value
2011,7956736.0
2012,10418880.0
2013,5102809.0
2014,408926.0
2015,5094083.0
2016,6574017.0
2017,8400241.395656
2018,7426903.842878
2019,5200425.34942
2020,520447.0
