Year,Value
2008,10.89817
2009,12.59357
2013,15.5482
2016,13.86086
2019,58.7632
