{"Year":[2015,2017],"SERIES":["_L_RW_010B01_1","_L_RW_010B01_1"],"REF_AREA":[null,null],"UNIT_MEASURE":["USD","USD"],"GeoCode":[null,null],"Value":[103794273.900000006,109465948.700000003]}