{"Year":[2011,2012,2013,2014,2015,2016,2017,2018,2019,2020],"SERIES":["SG_STT_CAPTY","SG_STT_CAPTY","SG_STT_CAPTY","SG_STT_CAPTY","SG_STT_CAPTY","SG_STT_CAPTY","SG_STT_CAPTY","SG_STT_CAPTY","SG_STT_CAPTY","SG_STT_CAPTY"],"REF_AREA":[null,null,null,null,null,null,null,null,null,null],"GeoCode":[null,null,null,null,null,null,null,null,null,null],"Value":[7956736.0,10418880.0,5102809.0,408926.0,5094083.0,6574017.0,8400241.4000000004,7426903.7999999998,5200425.2999999998,520447.0]}