{"Year":[2017,2018,2019,2020,2021,2022,2017,2018,2019,2020,2021,2022,2017,2018,2019,2020,2021,2022,2017,2018,2019,2020,2021,2022,2017,2018,2019,2020,2021,2022,2017,2018,2019,2020,2021,2022,2017,2018,2019,2020,2021,2022,2017,2018,2019,2020,2021,2022,2017,2018,2019,2020,2021,2022],"OCCUPATION":["ISCO08_1","ISCO08_1","ISCO08_1","ISCO08_1","ISCO08_1","ISCO08_1","ISCO08_2","ISCO08_2","ISCO08_2","ISCO08_2","ISCO08_2","ISCO08_2","ISCO08_3","ISCO08_3","ISCO08_3","ISCO08_3","ISCO08_3","ISCO08_3","ISCO08_4","ISCO08_4","ISCO08_4","ISCO08_4","ISCO08_4","ISCO08_4","ISCO08_5","ISCO08_5","ISCO08_5","ISCO08_5","ISCO08_5","ISCO08_5","ISCO08_6","ISCO08_6","ISCO08_6","ISCO08_6","ISCO08_6","ISCO08_6","ISCO08_7","ISCO08_7","ISCO08_7","ISCO08_7","ISCO08_7","ISCO08_7","ISCO08_8","ISCO08_8","ISCO08_8","ISCO08_8","ISCO08_8","ISCO08_8","ISCO08_9","ISCO08_9","ISCO08_9","ISCO08_9","ISCO08_9","ISCO08_9"],"Value":[2365.160351,2531.085938,2285.529851,2518.977786,2346.022733,2337.480897,973.513148,982.11568,981.95724,1175.487921,960.207386,1097.436651,1517.061028,1290.70148,1389.925115,1653.726211,1469.291637,1288.863877,941.34733,935.810424,890.285374,923.873289,855.14472,949.242512,366.90114,325.274914,339.597433,372.173349,399.89315,429.67188,297.549868,205.950146,293.819049,733.182009,288.995142,352.97723,524.295824,497.205883,546.015258,524.847062,629.23229,656.094823,543.760246,590.761371,598.900272,558.700949,622.363535,769.514654,162.272505,163.092471,165.576745,195.805426,195.974561,211.869809]}